Country,State or territory,Age in years,Gender,Favorite color
Brazil,,43,Female,#7248ad
India,,77,Male,#d80623
Canada,,35,Female,#0d961f
Italy,,77,,#70dd97
Thailand,,8,Female,#d860ea
Portugal,,35,Other,#3454e7
Australia,,53,Other,#876f47
Canada,,76,Male,#c1cf42
Australia,,88,Other,#6273a6
Germany,,37,Other,#28da7e
Norway,,56,Other,#e82565
Poland,,53,Female,#88b151
Germany,,29,Female,#53a97d
Vietnam,,89,Female,#a60862
France,,12,Other,#cd6578
Belgium,,80,Other,#6cdd62
United Arab Emirates,,66,Female,#879e5f
India,,79,Other,#db5bad
Chile,,25,,#2e8bad
France,,27,Female,#d82559
Germany,,84,,#80b959
United States,Georgia,76,Other,#ae2b7a
Brazil,,28,,#01a95e
Denmark,,30,Male,#98cdc1
Israel,,27,Other,#52b68e
New Zealand,,84,Other,#fa2a87
United Kingdom,,54,Other,#7a997e
France,,80,Male,#2bdac4
United Arab Emirates,,76,Female,#41bc86
Saudi Arabia,,29,Other,#d8a589
Sweden,,33,Other,#cc48b7
Poland,,74,,#3df443
Finland,,51,Male,#75d199
Norway,,88,Male,#7537db
Germany,,50,Male,#79dbbe
Belgium,,35,Female,#f201ef
Finland,,60,Female,#304b78
Netherlands,,53,,#d27bff
Vietnam,,14,Male,#1f089f
Chile,,21,Female,#621818
Italy,,25,,#5df224
Belgium,,17,,#322117
France,,77,Male,#2fc023
Finland,,70,,#6d7049
Chile,,29,,#011a82
Argentina,,66,Other,#d8946f
United Arab Emirates,,45,Female,#1df185
France,,15,Male,#f41d9f
Israel,,75,Female,#1d1f51
Israel,,31,Male,#22cbc4
Finland,,80,Female,#145904
Australia,,82,Other,#858314
Sweden,,48,Female,#87fea0
Chile,,46,,#a1e1fa
Germany,,87,Male,#25826d
Sweden,,24,Other,#23389d
Finland,,28,,#9ae386
New Zealand,,78,Other,#35094a
India,,21,Female,#8b7139
Austria,,51,Female,#8728e5
Israel,,14,Male,#d8deec
Belgium,,50,Female,#861f00
Mexico,,78,,#04f36d
Brazil,,27,Male,#bd09e0
Japan,,13,Other,#bab39a
Canada,,34,Female,#34a15d
Greece,,60,Female,#7935a2
Mexico,,30,,#0cb0cc
Spain,,50,,#7f0fc6
Belgium,,21,,#13d3b6
Saudi Arabia,,66,Other,#9c41fa
Norway,,32,,#a811f3
Belgium,,43,Other,#cca2a5
Portugal,,22,Other,#5b6d3d
Denmark,,84,,#b0fde6
Ireland,,73,Male,#c53855
Italy,,63,Male,#64e1c9
Poland,,50,Other,#3fcee3
Switzerland,,60,Other,#ce076c
Austria,,32,,#c21f54
Spain,,46,,#003535
Switzerland,,63,Other,#ee12ee
Thailand,,35,,#56e1ca
Australia,,89,Other,#2fd072
Finland,,36,Female,#4b71fa
United Kingdom,,68,Male,#e92c4e
Singapore,,81,Female,#c498d3
United Arab Emirates,,26,Male,#36929c
South Korea,,74,,#19b639
Finland,,23,,#444505
Vietnam,,79,Other,#e298fb
Israel,,78,,#517d25
Saudi Arabia,,39,Other,#f81d19
Finland,,17,Other,#780f8a
Belgium,,77,Male,#46d8f7
Japan,,27,Female,#20e29a
Singapore,,77,,#d4e05c
France,,61,,#0a0017
Argentina,,53,Other,#c7ac54
Singapore,,77,Female,#f9f936
Norway,,70,Male,#c7184a
Portugal,,59,Female,#ef4dc2
India,,76,Male,#c9bd05
United Kingdom,,62,Female,#ec63bd
Spain,,56,Other,#6c5ebc
Vietnam,,56,Other,#d7d758
Denmark,,68,Male,#1aaaf6
Greece,,16,Male,#0fe329
Finland,,10,Female,#7a2290
India,,22,Female,#ee18ef
Denmark,,29,Male,#53d91c
Switzerland,,11,Other,#c0283b
Chile,,33,Male,#7c56c1
Netherlands,,46,Male,#150703
Greece,,55,Male,#aeb5da
United States,Oregon,70,Male,#ddf6c7
Poland,,66,Female,#def82b
Spain,,42,,#ee03ef
South Korea,,83,Other,#a5051b
Finland,,19,Other,#e6cf85
Finland,,80,,#ac3c2d
United Kingdom,,49,Female,#f9a025
Sweden,,41,Other,#8f2f65
Belgium,,74,Female,#2bd576
Finland,,70,Female,#f3c279
United Arab Emirates,,10,Male,#96a60b
Norway,,39,Other,#bcf03f
Saudi Arabia,,52,,#a95d7a
Greece,,42,Other,#80b7fb
Norway,,32,Other,#3d3647
Spain,,69,Other,#90e534
Netherlands,,45,Female,#b8c567
Spain,,76,Female,#8c7288
Canada,,78,Other,#40a7b4
United Arab Emirates,,9,Other,#f054cb
Saudi Arabia,,31,Male,#8144d8
Saudi Arabia,,16,,#fbc634
Germany,,14,Female,#4c63a0
Switzerland,,39,Male,#d514c2
Norway,,56,,#e2ac53
Switzerland,,62,Other,#1ed681
Netherlands,,34,Female,#877fb2
Australia,,30,Male,#50250b
United States,Oregon,65,,#951ff0
Canada,,44,,#2471ac
Norway,,88,Female,#d9abd0
Brazil,,27,Other,#48d331
Germany,,47,Other,#e0d8b8
Brazil,,46,,#8b63da
Israel,,64,Male,#1468a1
South Korea,,85,Other,#0d3e29
Australia,,81,Male,#89fd59
Canada,,30,,#e26be4
Belgium,,82,,#fbc37b
Australia,,60,Other,#a461bf
Netherlands,,50,,#fdae1d
Austria,,59,Male,#e8def1
Australia,,49,Male,#cef008
Israel,,8,,#d3952f
France,,54,,#e25331
France,,78,Female,#93788e
Thailand,,70,Male,#0ec7f9
Finland,,47,Male,#d0e427
Australia,,22,,#3c2485
Japan,,45,Other,#d4bb26
Saudi Arabia,,39,,#4a0e83
Argentina,,84,Female,#23be25
Belgium,,61,Other,#88cada
United States,Missouri,46,,#4c14b2
Thailand,,52,Other,#c121ad
Vietnam,,32,Female,#c414c1
Norway,,60,Male,#a2e801
Saudi Arabia,,56,,#4de0bf
United Arab Emirates,,24,Other,#3362fd
Thailand,,66,Male,#49cebd
Singapore,,27,Male,#f06112
Denmark,,58,Male,#a839bf
Argentina,,88,,#12615d
Germany,,44,Female,#2e4633
South Korea,,89,Male,#e329d5
Mexico,,11,Male,#a6146f
France,,55,,#4a881f
Finland,,80,Female,#570818
Spain,,56,Female,#fece3d
Japan,,89,Other,#eb4cd3
Denmark,,67,Other,#50e22e
Germany,,52,Other,#d93f05
Denmark,,46,Female,#c4f683
Saudi Arabia,,56,Other,#977c95
Austria,,58,Other,#04256a
France,,71,Other,#75d213
Greece,,32,Other,#4607ed
Netherlands,,13,Other,#e1b393
Canada,,24,Male,#9718b7
Ireland,,30,Female,#43aa72
Poland,,42,Female,#839195
Saudi Arabia,,45,Other,#3af786
Vietnam,,26,Female,#cb7984
Poland,,58,Male,#87671d
Brazil,,41,,#be31cb
Netherlands,,68,Male,#a7f070
Norway,,89,,#9ab8ab
Singapore,,13,Male,#9bd5ac
United Arab Emirates,,38,Female,#c6fc96
Vietnam,,77,,#4f1da0
Singapore,,70,,#8f3a19
Canada,,35,,#e3af2c
Finland,,20,Other,#b7a419
France,,32,Male,#e8d0b7
Australia,,89,Male,#19e56d
Portugal,,24,Female,#2320de
Sweden,,37,Other,#4b8c38
United States,Maryland,26,Female,#8055bf
Spain,,11,Female,#079bc5
Greece,,38,Other,#081475
Spain,,24,,#3a303d
Germany,,54,Male,#e76d41
Israel,,86,Male,#9a6f4a
Vietnam,,11,Male,#f53d1d
Chile,,21,,#e31a9a
Germany,,49,Female,#21a11a
India,,89,Other,#c305e6
New Zealand,,72,,#32c784
Brazil,,78,Female,#dc3220
Thailand,,60,Other,#e83102
Chile,,20,Other,#da80cf
Ireland,,55,Female,#f2d33d
Germany,,18,Male,#dd1eeb
Netherlands,,55,Female,#1eb5d3
Portugal,,60,Other,#d88b2d
France,,84,Other,#b40af8
Netherlands,,35,Female,#f6e187
Norway,,52,Other,#3ad23f
Belgium,,62,Male,#88eee8
United Kingdom,,47,Other,#b3b957
United States,Virginia,26,,#23a0b3
Japan,,11,Male,#6e25e5
Argentina,,51,Female,#bd7799
Switzerland,,80,Male,#1aef8b
Japan,,87,Male,#29c50d
Belgium,,62,,#e2539d
Singapore,,73,Male,#b0ba7f
South Korea,,83,,#9de925
Canada,,84,Male,#03ef8f
Sweden,,35,Female,#82d373
Austria,,8,,#dc7ed0
Spain,,76,Female,#b55566
Germany,,13,,#09987d
Vietnam,,48,,#cf1084
Singapore,,59,Male,#a64803
Mexico,,87,,#b944c1
Australia,,21,Female,#df10fe
Chile,,58,Other,#add4af
Norway,,29,Male,#3a61b3
New Zealand,,52,Other,#4b9e00
Finland,,40,Female,#58d4dd
Japan,,17,Female,#fcfce8
Vietnam,,82,,#a57b8c
Ireland,,16,,#e26918
Switzerland,,83,Male,#b431c5
Israel,,67,,#134141
France,,44,Male,#2e3b57
Israel,,82,Male,#e6437e
Italy,,68,Female,#1fade8
Thailand,,51,Male,#5859a4
Canada,,64,,#51472e
Poland,,44,,#d14a38
Portugal,,14,Other,#21bf32
Portugal,,57,Other,#810597
Japan,,82,Female,#b31bb5
Switzerland,,58,Female,#2b604a
Switzerland,,50,Female,#2fd911
South Korea,,10,Other,#9e23b1
Spain,,51,,#624e82
Norway,,27,Male,#97720f
Netherlands,,77,Male,#ac6c61
India,,27,Female,#5c97d7
Mexico,,13,,#ba8573
Finland,,86,Other,#e5d9e2
Norway,,47,,#635616
Poland,,81,,#ec6151
Austria,,72,,#52f949
Italy,,25,Other,#1ab74f
Saudi Arabia,,78,Male,#3fd5c3
Austria,,28,Other,#e60d2b
Israel,,63,Male,#71aef7
Thailand,,11,,#1b447c
Chile,,38,,#29c830
Poland,,48,Male,#abab2d
Japan,,44,,#470fd5
Saudi Arabia,,8,Male,#09bae0
Denmark,,27,,#38ed7b
Austria,,23,Male,#7a14be
Singapore,,87,,#202842
Brazil,,71,Male,#7bdf50
Japan,,8,Other,#7b2b3c
Singapore,,18,Other,#22a6dd
New Zealand,,72,Male,#c7e98d
Saudi Arabia,,57,Other,#81de72
United Kingdom,,16,Other,#7b74db
Netherlands,,50,Female,#16b32a
Greece,,30,,#f50209
Spain,,16,,#12ef8a
Austria,,33,Male,#a195c6
Switzerland,,77,,#81b257
Canada,,32,Other,#b6c551
France,,50,Other,#3fbb30
Poland,,59,,#c5f64d
Portugal,,71,,#bc14e5
New Zealand,,18,,#28691e
South Korea,,31,Other,#a475d3
Netherlands,,45,Other,#e44f12
South Korea,,64,Other,#e4ee2d
Canada,,53,,#8c9285
France,,89,,#ba03ea
Israel,,28,Male,#491a63
Thailand,,16,Female,#bb8f67
Poland,,80,Male,#4e8f72
Thailand,,55,,#275d86
India,,58,Other,#8eb06c
Finland,,11,Female,#ff82b0
New Zealand,,79,Male,#860797
Denmark,,35,Other,#fb7e97
Italy,,17,,#58666a
Thailand,,48,Other,#213fb1
Austria,,28,Female,#b91580
Israel,,33,Female,#79357c
United Arab Emirates,,78,Other,#ef4fd1
India,,19,Male,#9e5b5a
Chile,,69,,#d1a145
Germany,,48,Male,#e6630e
Vietnam,,52,Female,#5d2a45
India,,15,Male,#4e580b
Switzerland,,49,Female,#b129ef
New Zealand,,18,Other,#6481af
Belgium,,46,Male,#565771
Japan,,87,Other,#15176b
United Kingdom,,81,Other,#6bef13
Singapore,,11,,#944fd7
Switzerland,,59,Other,#e836ef
Germany,,28,,#d4cc5f
Saudi Arabia,,51,Female,#a00ad0
Ireland,,52,,#42f3c7
Poland,,21,Other,#7bc510
Vietnam,,65,Female,#48211d
Netherlands,,57,,#7f1d48
Mexico,,81,Other,#6131ef
Mexico,,73,,#ff5d6e
Switzerland,,19,,#ea1a22
Finland,,53,Male,#19e06e
Austria,,68,Other,#042fd4
Netherlands,,41,Other,#ce7751
Poland,,14,Female,#b99cb7
Austria,,72,,#8f378c
Brazil,,20,,#bf13da
Portugal,,54,Female,#65eaea
Israel,,13,Male,#13ec88
India,,68,,#4c41f3
Israel,,86,Other,#533377
Chile,,46,Other,#facd2e
Switzerland,,10,Other,#a9983c
Brazil,,82,Other,#0da4b2
Saudi Arabia,,82,Female,#1a4b39
Saudi Arabia,,88,,#4ba941
Finland,,22,Female,#09b228
Thailand,,27,,#68647d
Singapore,,86,,#1fe355
India,,79,Other,#f4ed0a
New Zealand,,30,,#af457c
Greece,,41,,#627072
Finland,,46,Female,#9860ef
Austria,,70,Other,#f5a8cb
Greece,,43,Other,#3e6648
Argentina,,58,Other,#4afeeb
Austria,,18,Other,#e27f1f
Denmark,,35,Female,#8ad1e8
Belgium,,86,Female,#7c2375
France,,75,Female,#77365a
France,,50,,#337a9f
India,,78,Female,#d0562c
Saudi Arabia,,33,Other,#a47017
Austria,,19,Female,#1318c1
Spain,,30,Male,#cb42df
United Arab Emirates,,45,Male,#04beaa
Switzerland,,21,Other,#91b210
Vietnam,,77,,#44b5da
Israel,,32,Male,#a94f6d
Mexico,,40,Female,#07360b
Portugal,,80,Female,#59da78
Chile,,73,Other,#2c68e4
Chile,,31,Female,#f474dd
Ireland,,8,Other,#c463dc
Finland,,42,Other,#9a98a5
United States,Indiana,54,Female,#1fcec2
Brazil,,28,,#9f3880
Brazil,,45,Other,#711326
Norway,,69,Female,#e8f2f6
Poland,,78,,#6fd3a5
Finland,,84,Male,#e4bc26
New Zealand,,17,Male,#1f9ec0
Israel,,76,Female,#543e36
Ireland,,64,Male,#692a62
United Arab Emirates,,73,,#1c7c4b
Vietnam,,61,,#1d8fac
Vietnam,,47,Male,#cab9ca
Denmark,,35,Male,#173039
South Korea,,16,Male,#23567a
Saudi Arabia,,60,Female,#4556ee
Singapore,,56,,#c14733
Argentina,,77,Female,#b20ee5
Brazil,,76,,#4133a3
Norway,,10,Other,#ed0ed8
South Korea,,37,Female,#ebd713
Greece,,32,Male,#107ec9
Singapore,,10,Female,#698387
Germany,,12,,#18ec1a
Finland,,59,,#77fb51
Sweden,,15,Female,#941a56
Norway,,81,Other,#a42e37
Finland,,26,Female,#d3be29
Switzerland,,79,Female,#daba08
United Arab Emirates,,52,,#a33129
Singapore,,46,,#5e2562
Saudi Arabia,,36,Other,#49e878
Vietnam,,79,,#d54084
New Zealand,,39,Other,#681bc0
Portugal,,65,Other,#2f5770
Italy,,56,Male,#2543fc
Italy,,83,Female,#f57328
Sweden,,50,Other,#07d9d1
Sweden,,23,,#7c352c
Sweden,,38,Other,#90ed22
Argentina,,53,Other,#85eb67
Poland,,71,,#327cc7
Saudi Arabia,,48,Female,#bdcd09
Ireland,,80,Female,#4ab661
United Kingdom,,82,,#972371
Japan,,37,,#7dd053
United Arab Emirates,,51,Other,#fa2c8b
United Arab Emirates,,53,Female,#47a8a4
United Arab Emirates,,77,Male,#115158
Germany,,14,Male,#d32512
India,,37,Male,#4d53c2
United States,Arizona,72,,#bf1429
France,,86,,#f9c80c
United Kingdom,,78,,#061154
United Kingdom,,43,Other,#08c6ea
Israel,,63,Female,#36cadb
Netherlands,,38,Female,#813cf5
Greece,,58,Male,#bf009d
Chile,,39,Female,#999646
Australia,,12,Male,#cf80a3
Argentina,,68,Male,#04d6a7
Mexico,,63,Other,#30d344
New Zealand,,37,Female,#f374c6
Belgium,,17,Other,#10d880
Spain,,48,Male,#6a10a0
Japan,,58,Male,#993ad2
Mexico,,80,,#a9d87e
Argentina,,25,Male,#b1147f
France,,37,Male,#ae622c
Chile,,49,Male,#8bf185
Thailand,,53,,#dd1b2c
Spain,,56,Male,#973bfa
Finland,,18,Other,#4ef60c
Argentina,,89,Female,#c77c88
Ireland,,19,Male,#9dd53b
Thailand,,42,Male,#43d7f5
Australia,,65,,#34e2cf
United Kingdom,,78,Male,#a61bbb
Argentina,,60,,#2b5dbc
Finland,,29,,#56c8ee
India,,42,,#4ab7f8
Germany,,43,,#997920
Saudi Arabia,,54,Other,#7e410d
United Arab Emirates,,33,,#36c515
India,,58,Other,#c280ef
Portugal,,63,Female,#99d2a7
Ireland,,33,,#a0dca1
Spain,,48,Other,#fb654f
Finland,,43,,#bae351
Brazil,,33,Female,#0dc7f2
Vietnam,,34,,#95295d
Germany,,60,,#47427c
Switzerland,,27,,#c104f0
Germany,,84,,#cd3653
Israel,,61,Male,#b8143f
Australia,,39,Other,#552a51
Canada,,59,Other,#dc64ab
Netherlands,,41,Female,#712b12
Thailand,,67,Female,#b09f90
United Kingdom,,45,,#2bf529
Brazil,,26,Other,#9fb017
Portugal,,34,,#b2546a
Saudi Arabia,,65,Other,#2264ac
Switzerland,,22,Male,#afa7e9
Netherlands,,29,Female,#5951ef
Mexico,,62,,#76b5c5
Chile,,31,,#ca89c6
United Kingdom,,33,,#dbee59
